"key","en","fr","xx"
"LANGUAGE_NAME","English","Fran√ßais","xxx"
"MENU_PRESS_ANYWHERE","Press anywhere","Appuyez sur l'√©cran","xxx"
"MENU_CONTINUE","Continue","Continuer","xxx"
"MENU_RETRY","Retry","R√©essayer","xxx"
"MENU_OPTIONS","Options","Options","xxx"
"MENU_LEVELS","Levels","Niveaux","xxx"
"MENU_MENU","Menu","Menu","xxx"
"MENU_LEVELS","Levels","Niveaux","xxx"
"MENU_PAUSED","Paused","En pause","xxx"
"MENU_TITLE_SCREEN","Title screen","Menu principal","xxx"
"MENU_QUIT","Quit","Quitter","xxx"
"MENU_QUIT_CONFIRM","Are you sure you want to 
quit the game?","√ätes-vous certain de vouloir quitter le jeu ?","xxx"
"MENU_OPTIONS_SOUND_VOLUME","Volume","Volume","xxx"
"MENU_OPTIONS_MUSIC_VOLUME","Music volume","Volume de la musique","xxx"
"MENU_OPTIONS_FULLSCREEN","Fullscreen","Plein √©cran","xxx"
"MENU_OPTIONS_LANGUAGE","Language","Langue","xxx"
"MENU_RESET_PROGRESS","Reset all progress","R√©initialiser la progression","xxx"
"MENU_RESET_SAVE_DATA","Are you sure you want to reset your progress? This cannot be undone.","√ätes-vous s√ªr de vouloir r√©initialiser votre progression ? Cette action ne peut pas √™tre annul√©e.","xxx"
"MENU_LABEL_ARE_YOU_REALLY_SURE","Are you really sure?","√ätes-vous vraiment s√ªr ?","xxx"
"MENU_YES","Yes","Oui","xxx"
"MENU_NO","No","Non","xxx"
"MENU_100_PERCENT_CONGRATS","Congratulations on finishing 100% of Globs! 

Thank you for playing our game!","F√©licitations pour avoir compl√©t√© 100 % de Globs !

Merci d'avoir jou√© √† notre jeu !","xxx"
"MENU_CREDITS","Credits","Cr√©dits","xxx"
"CREDITS_A_GAME_BY_LIST","A game by {0}, {1}, {2}, {3}, and {4}","Un jeu par {0}, {1}, {2}, {3}, et {4}","xxx {0}, {1}, {2}, {3}, xx {4}"
"CREDITS_A_GAME_BY","A game by","Un jeu par","xxx"
"CREDITS_CODE","Code","Code","xxx"
"CREDITS_ART","Art","Art","xxx"
"CREDITS_CODE_ART","Code, Art","Code, Art","xxx"
"MENU_LABEL_MUSIC","Music","Musique","xxx"
"CREDITS_MADE_USING","Made using","Cr√©√© avec","xxx"
"CREDITS_SPECIAL_THANKS","Special thanks","Remerciements","xxx"
"MENU_CREDITS_ASSETS_TOOLS","Assets and tools","Assets et outils","xxx"
"MENU_CREDITS_LIBRARIES","Libraries","Librairies","xxx"
"MENU_CREDITS_GODOT","Made using Godot game engine","R√©alis√© avec le moteur de jeu Godot","xxx"
"MENU_CREDITS_GMTK","Originally made for the GMTK Game Jam 2024","R√©alis√© √† l'origine pour le GMTK Game Jam 2024","xxx"
"MENU_THANK_YOU","Thank you!","Merci !","¬°Gracias!"
"MENU_CREDITS_ABOUT","Ninesliced is a team of 5 students from France wishing to create games that bring people joy. We hope that you will enjoy our game.","Ninesliced est une √©quipe de 5 √©tudiants fran√ßais souhaitant cr√©er des jeux qui apportent de la joie aux gens. Nous esp√©rons que vous aimerez notre jeu.","xxx"
"MENU_ABOUT","About","√Ä propos","xxx"
"MENU_WEBSITE","Website","Site web","xxx"
"MENU_TWITTER","Twitter","Twitter","xxx"
"MENU_BLUESKY","Bluesky","Bluesky","xxx"
"LEVEL_TIPS_1_4","üí° The length of the arrow represents how far the Glob can extend in this direction","üí° La longueur de la fl√®che indique l‚Äô√©tendue que le Glob peut atteindre dans cette direction","xxx"
"LEVEL_TIPS_1_6","üí° The maximum extent of a Glob can depend on the selected direction","üí° L'√©tendue maximale d'un Glob peut d√©pendre de la direction choisie","xxx"
